[
    {
        "creditos": 5,
        "categoria": "Obrigatória",
        "disciplina": "Fenômenos Mecânicos",
        "codigo": "BCJ0204-15"
    },
    {
        "creditos": 4,
        "categoria": "Obrigatória",
        "disciplina": "Fenômenos Térmicos",
        "codigo": "BCJ0205-15"
    },
    {
        "creditos": 5,
        "categoria": "Obrigatória",
        "disciplina": "Fenômenos Eletromagnéticos",
        "codigo": "BCJ0203-15"
    },
    {
        "creditos": 2,
        "categoria": "Obrigatória",
        "disciplina": "Bases Conceituais da Energia",
        "codigo": "BIJ0207-15"
    },
    {
        "creditos": 3,
        "categoria": "Obrigatória",
        "disciplina": "Evolução e Diversificação da Vida na Terra",
        "codigo": "BIL0304-15"
    },
    {
        "creditos": 5,
        "categoria": "Obrigatória",
        "disciplina": "Transformações Químicas",
        "codigo": "BCL0307-15"
    },
    {
        "creditos": 3,
        "categoria": "Obrigatória",
        "disciplina": "Biodiversidade: Interações entre organismos e ambiente",
        "codigo": "BCL0306-15"
    },
    {
        "creditos": 3,
        "categoria": "Obrigatória",
        "disciplina": "Geometria Analítica",
        "codigo": "BCN0404-15"
    },
    {
        "creditos": 4,
        "categoria": "Obrigatória",
        "disciplina": "Funções de Uma Variável",
        "codigo": "BCN0402-15"
    },
    {
        "creditos": 4,
        "categoria": "Obrigatória",
        "disciplina": "Funções de Várias Variáveis",
        "codigo": "BCN0407-15"
    },
    {
        "creditos": 4,
        "categoria": "Obrigatória",
        "disciplina": "Introdução às Equações Diferenciais Ordinárias",
        "codigo": "BCN0405-15"
    },
    {
        "creditos": 3,
        "categoria": "Obrigatória",
        "disciplina": "Introdução à Probabilidade e à Estatística",
        "codigo": "BIN0406-15"
    },
    {
        "creditos": 3,
        "categoria": "Obrigatória",
        "disciplina": "Natureza da Informação",
        "codigo": "BCM0504-15"
    },
    {
        "creditos": 5,
        "categoria": "Obrigatória",
        "disciplina": "Processamento da Informação",
        "codigo": "BCM0505-15"
    },
    {
        "creditos": 3,
        "categoria": "Obrigatória",
        "disciplina": "Comunicação e Redes",
        "codigo": "BCM0506-15"
    },
    {
        "creditos": 3,
        "categoria": "Obrigatória",
        "disciplina": "Estrutura da Matéria",
        "codigo": "BIK0102-15"
    },
    {
        "creditos": 3,
        "categoria": "Obrigatória",
        "disciplina": "Física Quântica",
        "codigo": "BCK0103-15"
    },
    {
        "creditos": 3,
        "categoria": "Obrigatória",
        "disciplina": "Interações Atômicas e Moleculares",
        "codigo": "BCK0104-15"
    },
    {
        "creditos": 5,
        "categoria": "Obrigatória",
        "disciplina": "Bioquímica: Estrutura, Propriedade e Funções de Biomoléculas",
        "codigo": "BCL0308-15"
    },
    {
        "creditos": 3,
        "categoria": "Obrigatória",
        "disciplina": "Bases Epistemológicas da Ciência Moderna",
        "codigo": "BIR0004-15"
    },
    {
        "creditos": 3,
        "categoria": "Obrigatória",
        "disciplina": "Estrutura e Dinâmica Social",
        "codigo": "BIQ0602-15"
    },
    {
        "creditos": 3,
        "categoria": "Obrigatória",
        "disciplina": "Ciência, Tecnologia e Sociedade",
        "codigo": "BIR0603-15"
    },
    {
        "creditos": 3,
        "categoria": "Obrigatória",
        "disciplina": "Base Experimental das Ciências Naturais",
        "codigo": "BCS0001-15"
    },
    {
        "creditos": 2,
        "categoria": "Obrigatória",
        "disciplina": "Projeto Dirigido",
        "codigo": "BCS0002-15"
    },
    {
        "creditos": 2,
        "categoria": "Obrigatória",
        "disciplina": "Bases Computacionais da Ciência",
        "codigo": "BIS0005-15"
    },
    {
        "creditos": 4,
        "categoria": "Obrigatória",
        "disciplina": "Bases Matemáticas",
        "codigo": "BIS0003-15"
    },
    {
        "codigo": "BHO0001-19",
        "categoria": "Opção Limitada",
        "disciplina": "Introdução às Humanidades e Ciências Sociais",
        "creditos": 2
    },
    {
        "codigo": "BHO0002-19",
        "categoria": "Opção Limitada",
        "disciplina": "Introdução ao Pensamento Econômico",
        "creditos": 3
    },
    {
        "codigo": "BHO0101-15",
        "categoria": "Opção Limitada",
        "disciplina": "Estado e Relações De Poder",
        "creditos": 4
    },
    {
        "codigo": "BHO0102-15",
        "categoria": "Opção Limitada",
        "disciplina": "Desenvolvimento e Sustentabilidade",
        "creditos": 4
    },
    {
        "codigo": "BHO1102-19",
        "categoria": "Opção Limitada",
        "disciplina": "Introdução à Economia",
        "creditos": 3
    },
    {
        "codigo": "BHO1335-15",
        "categoria": "Opção Limitada",
        "disciplina": "Formação do Sistema Internacional",
        "creditos": 4
    },
    {
        "codigo": "BHP0001-15",
        "categoria": "Opção Limitada",
        "disciplina": "Ética e Justiça",
        "creditos": 4
    },
    {
        "codigo": "BHP0202-19",
        "categoria": "Opção Limitada",
        "disciplina": "Temas e Problemas em Filosofia",
        "creditos": 3
    },
    {
        "codigo": "BHP0202-15",
        "categoria": "Opção Limitada",
        "disciplina": "Pensamento Crítico",
        "creditos": 4
    },
    {
        "codigo": "BHQ0001-15",
        "categoria": "Opção Limitada",
        "disciplina": "Identidade e Cultura",
        "creditos": 3
    },
    {
        "codigo": "BHQ0002-15",
        "categoria": "Opção Limitada",
        "disciplina": "Estudos Étnico-Raciais",
        "creditos": 3
    },
    {
        "codigo": "BHQ0003-15",
        "categoria": "Opção Limitada",
        "disciplina": "Interpretações do Brasil",
        "creditos": 4
    },
    {
        "codigo": "BHQ0301-15",
        "categoria": "Opção Limitada",
        "disciplina": "Território e Sociedade",
        "creditos": 4
    },
    {
        "codigo": "BHQ0004-19",
        "categoria": "Opção Limitada",
        "disciplina": "Estudos de Gênero",
        "creditos": 3
    },
    {
        "codigo": "BHS0005-19",
        "categoria": "Opção Limitada",
        "disciplina": "Práticas em Ciências e Humanidades",
        "creditos": 3
    },
    {
        "codigo": "ESHP004-13",
        "categoria": "Opção Limitada",
        "disciplina": "Cidadania, Direitos e Desigualdades",
        "creditos": 4
    },
    {
        "codigo": "ESHR003-13",
        "categoria": "Opção Limitada",
        "disciplina": "Economia Política da Segurança Alimentar Global",
        "creditos": 4
    },
    {
        "codigo": "ESHR004-13",
        "categoria": "Opção Limitada",
        "disciplina": "Economia Política Internacional da Energia",
        "creditos": 4
    },
    {
        "codigo": "ESHR005-13",
        "categoria": "Opção Limitada",
        "disciplina": "Estado e Desenvolvimento Econômico no Brasil Contemporâneo",
        "creditos": 4
    },
    {
        "codigo": "ESHT005-17",
        "categoria": "Opção Limitada",
        "disciplina": "Economia do Território",
        "creditos": 4
    },
    {
        "codigo": "ESHT009-17",
        "categoria": "Opção Limitada",
        "disciplina": "História da Cidade e do Urbanismo",
        "creditos": 4
    },
    {
        "codigo": "ESTA001-17",
        "categoria": "Opção Limitada",
        "disciplina": "Dispositivos Eletrônicos",
        "creditos": 5
    },
    {
        "codigo": "ESTA002-17",
        "categoria": "Opção Limitada",
        "disciplina": "Circuitos Elétricos I",
        "creditos": 5
    },
    {
        "codigo": "ESTA004-17",
        "categoria": "Opção Limitada",
        "disciplina": "Circuitos Elétricos II",
        "creditos": 5
    },
    {
        "codigo": "ESTA007-17",
        "categoria": "Opção Limitada",
        "disciplina": "Eletrônica Analógica Aplicada",
        "creditos": 5
    },
    {
        "codigo": "ESTA018-17",
        "categoria": "Opção Limitada",
        "disciplina": "Eletromagnetismo Aplicado",
        "creditos": 4
    },
    {
        "codigo": "ESTA019-17",
        "categoria": "Opção Limitada",
        "disciplina": "Projeto Assistido por Computador",
        "creditos": 2
    },
    {
        "codigo": "ESTA020-17",
        "categoria": "Opção Limitada",
        "disciplina": "Modelagem e Controle",
        "creditos": 2
    },
    {
        "codigo": "ESTB018-17",
        "categoria": "Opção Limitada",
        "disciplina": "Computação Científica aplicada a Problemas Biológicos",
        "creditos": 4
    },
    {
        "codigo": "ESTB023-17",
        "categoria": "Opção Limitada",
        "disciplina": "Física Médica I",
        "creditos": 4
    },
    {
        "codigo": "ESTE015-17",
        "categoria": "Opção Limitada",
        "disciplina": "Fundamentos de Conversão de Energia Elétrica",
        "creditos": 4
    },
    {
        "codigo": "ESTE022-17",
        "categoria": "Opção Limitada",
        "disciplina": "Transferência de Calor I",
        "creditos": 4
    },
    {
        "codigo": "ESTE029-17",
        "categoria": "Opção Limitada",
        "disciplina": "Engenharia de Combustíveis Fósseis",
        "creditos": 4
    },
    {
        "codigo": "ESTE036-17",
        "categoria": "Opção Limitada",
        "disciplina": "Economia da Energia",
        "creditos": 4
    },
    {
        "codigo": "ESTG003-17",
        "categoria": "Opção Limitada",
        "disciplina": "Economia de Empresas",
        "creditos": 2
    },
    {
        "codigo": "ESTG011-17",
        "categoria": "Opção Limitada",
        "disciplina": "Estatística Aplicada a Sistemas de Gestão",
        "creditos": 4
    },
    {
        "codigo": "ESTG013-17",
        "categoria": "Opção Limitada",
        "disciplina": "Empreendedorismo",
        "creditos": 4
    },
    {
        "codigo": "ESTG023-17",
        "categoria": "Opção Limitada",
        "disciplina": "Organização do Trabalho",
        "creditos": 2
    },
    {
        "codigo": "ESTG025-17",
        "categoria": "Opção Limitada",
        "disciplina": "Propriedade Intelectual",
        "creditos": 4
    },
    {
        "codigo": "ESTI002-17",
        "categoria": "Opção Limitada",
        "disciplina": "Eletrônica Digital",
        "creditos": 6
    },
    {
        "codigo": "ESTI003-17",
        "categoria": "Opção Limitada",
        "disciplina": "Transformadas em Sinais e Sistemas Lineares",
        "creditos": 4
    },
    {
        "codigo": "ESTI004-17",
        "categoria": "Opção Limitada",
        "disciplina": "Princípios de Comunicação",
        "creditos": 4
    },
    {
        "codigo": "ESTI005-17",
        "categoria": "Opção Limitada",
        "disciplina": "Sinais Aleatórios",
        "creditos": 4
    },
    {
        "codigo": "ESTI006-17",
        "categoria": "Opção Limitada",
        "disciplina": "Processamento Digital de Sinais",
        "creditos": 4
    },
    {
        "codigo": "ESTI007-17",
        "categoria": "Opção Limitada",
        "disciplina": "Comunicação Digital",
        "creditos": 4
    },
    {
        "codigo": "ESTI008-17",
        "categoria": "Opção Limitada",
        "disciplina": "Teoria da Informação e Códigos",
        "creditos": 4
    },
    {
        "codigo": "ESTI010-17",
        "categoria": "Opção Limitada",
        "disciplina": "Comunicações Ópticas",
        "creditos": 4
    },
    {
        "codigo": "ESTI013-17",
        "categoria": "Opção Limitada",
        "disciplina": "Sistemas Microprocessados",
        "creditos": 4
    },
    {
        "codigo": "ESTI016-17",
        "categoria": "Opção Limitada",
        "disciplina": "Fundamentos de Fotônica",
        "creditos": 4
    },
    {
        "codigo": "ESTI017-17",
        "categoria": "Opção Limitada",
        "disciplina": "Fundamentos de Eletromagnetismo Aplicado",
        "creditos": 4
    },
    {
        "codigo": "ESTI018-17",
        "categoria": "Opção Limitada",
        "disciplina": "Ondas Eletromagnéticas Aplicadas",
        "creditos": 4
    },
    {
        "codigo": "ESTI020-17",
        "categoria": "Opção Limitada",
        "disciplina": "Teoria de Filas e Análise de Desempenho",
        "creditos": 4
    },
    {
        "codigo": "ESTM004-17",
        "categoria": "Opção Limitada",
        "disciplina": "Ciência dos Materiais",
        "creditos": 4
    },
    {
        "codigo": "ESTM018-17",
        "categoria": "Opção Limitada",
        "disciplina": "Termodinâmica de Materiais",
        "creditos": 4
    },
    {
        "codigo": "ESTO001-17",
        "categoria": "Opção Limitada",
        "disciplina": "Circuitos Elétricos e Fotônica",
        "creditos": 4
    },
    {
        "codigo": "ESTO004-17",
        "categoria": "Opção Limitada",
        "disciplina": "Instrumentação e Controle",
        "creditos": 4
    },
    {
        "codigo": "ESTO005-17",
        "categoria": "Opção Limitada",
        "disciplina": "Introdução às Engenharias",
        "creditos": 2
    },
    {
        "codigo": "ESTO006-17",
        "categoria": "Opção Limitada",
        "disciplina": "Materiais e Suas Propriedades",
        "creditos": 4
    },
    {
        "codigo": "ESTO008-17",
        "categoria": "Opção Limitada",
        "disciplina": "Mecânica dos Sólidos I",
        "creditos": 4
    },
    {
        "codigo": "ESTO011-17",
        "categoria": "Opção Limitada",
        "disciplina": "Fundamentos de Desenho Técnico",
        "creditos": 2
    },
    {
        "codigo": "ESTO012-17",
        "categoria": "Opção Limitada",
        "disciplina": "Princípios de Administração",
        "creditos": 2
    },
    {
        "codigo": "ESTO013-17",
        "categoria": "Opção Limitada",
        "disciplina": "Engenharia Econômica",
        "creditos": 4
    },
    {
        "codigo": "ESTO014-17",
        "categoria": "Opção Limitada",
        "disciplina": "Termodinâmica Aplicada I",
        "creditos": 4
    },
    {
        "codigo": "ESTO015-17",
        "categoria": "Opção Limitada",
        "disciplina": "Mecânica dos Fluidos I",
        "creditos": 4
    },
    {
        "codigo": "ESTO016-17",
        "categoria": "Opção Limitada",
        "disciplina": "Fenômenos de Transporte",
        "creditos": 4
    },
    {
        "codigo": "ESTO017-17",
        "categoria": "Opção Limitada",
        "disciplina": "Métodos Experimentais em Engenharia",
        "creditos": 4
    },
    {
        "codigo": "ESTO902-17",
        "categoria": "Opção Limitada",
        "disciplina": "Engenharia Unificada I",
        "creditos": 2
    },
    {
        "codigo": "ESTO903-17",
        "categoria": "Opção Limitada",
        "disciplina": "Engenharia Unificada II",
        "creditos": 2
    },
    {
        "codigo": "ESTS002-17",
        "categoria": "Opção Limitada",
        "disciplina": "Aeronáutica I-A",
        "creditos": 4
    },
    {
        "codigo": "ESTS019-17",
        "categoria": "Opção Limitada",
        "disciplina": "Dinâmica de Gases",
        "creditos": 6
    },
    {
        "codigo": "ESTU004-17",
        "categoria": "Opção Limitada",
        "disciplina": "Cartografia e Geoprocessamento",
        "creditos": 4
    },
    {
        "codigo": "ESTU005-17",
        "categoria": "Opção Limitada",
        "disciplina": "Climatologia",
        "creditos": 3
    },
    {
        "codigo": "ESTU009-17",
        "categoria": "Opção Limitada",
        "disciplina": "Hidrologia",
        "creditos": 4
    },
    {
        "codigo": "ESTU010-17",
        "categoria": "Opção Limitada",
        "disciplina": "Microbiologia Ambiental",
        "creditos": 4
    },
    {
        "codigo": "ESTU012-17",
        "categoria": "Opção Limitada",
        "disciplina": "Poluição Atmosférica",
        "creditos": 3
    },
    {
        "codigo": "ESTU015-17",
        "categoria": "Opção Limitada",
        "disciplina": "Saúde Ambiental",
        "creditos": 2
    },
    {
        "codigo": "ESTU019-17",
        "categoria": "Opção Limitada",
        "disciplina": "Teoria do Planejamento Urbano e Ambiental",
        "creditos": 3
    },
    {
        "codigo": "ESTU020-17",
        "categoria": "Opção Limitada",
        "disciplina": "Transferência de Massa",
        "creditos": 4
    },
    {
        "codigo": "ESTU021-17",
        "categoria": "Opção Limitada",
        "disciplina": "Transportes e Mobilidade Urbana",
        "creditos": 2
    },
    {
        "codigo": "ESTU023-17",
        "categoria": "Opção Limitada",
        "disciplina": "Biomas Brasileiros",
        "creditos": 3
    },
    {
        "codigo": "ESTU026-17",
        "categoria": "Opção Limitada",
        "disciplina": "Caracterização de Matrizes Ambientais",
        "creditos": 3
    },
    {
        "codigo": "ESTU027-17",
        "categoria": "Opção Limitada",
        "disciplina": "Fundamentos de Geologia para Engenharia",
        "creditos": 3
    },
    {
        "codigo": "ESTU028-17",
        "categoria": "Opção Limitada",
        "disciplina": "Hidráulica de Condutos Forçados",
        "creditos": 3
    },
    {
        "codigo": "ESTU029-17",
        "categoria": "Opção Limitada",
        "disciplina": "Hidráulica de Condutos Livres",
        "creditos": 2
    },
    {
        "codigo": "ESTU032-17",
        "categoria": "Opção Limitada",
        "disciplina": "Representação Gráfica de Projetos Ambientais e Urbanos",
        "creditos": 4
    },
    {
        "codigo": "ESTU039-17",
        "categoria": "Opção Limitada",
        "disciplina": "Regulação Ambiental e Urbanística",
        "creditos": 2
    },
    {
        "codigo": "ESZE047-13",
        "categoria": "Opção Limitada",
        "disciplina": "Engenharia Unificada (Engenharia Nuclear)",
        "creditos": 3
    },
    {
        "codigo": "ESZE048-17",
        "categoria": "Opção Limitada",
        "disciplina": "Hidrogênio e Células a Combustível",
        "creditos": 4
    },
    {
        "codigo": "ESZE064-17",
        "categoria": "Opção Limitada",
        "disciplina": "Petrofísica",
        "creditos": 4
    },
    {
        "codigo": "ESZE066-17",
        "categoria": "Opção Limitada",
        "disciplina": "Química do Petróleo",
        "creditos": 4
    },
    {
        "codigo": "ESZE097-17",
        "categoria": "Opção Limitada",
        "disciplina": "Armazenamento de Energia Elétrica",
        "creditos": 4
    },
    {
        "codigo": "ESZE104-17",
        "categoria": "Opção Limitada",
        "disciplina": "Energia Geotérmica",
        "creditos": 2
    },
    {
        "codigo": "ESZE105-17",
        "categoria": "Opção Limitada",
        "disciplina": "Energia dos Oceanos",
        "creditos": 4
    },
    {
        "codigo": "ESZE110-17",
        "categoria": "Opção Limitada",
        "disciplina": "Eletrificação Rural com Recursos Energéticos Renováveis",
        "creditos": 4
    },
    {
        "codigo": "ESZI003-17",
        "categoria": "Opção Limitada",
        "disciplina": "Processamento de Informação em Línguas Naturais",
        "creditos": 4
    },
    {
        "codigo": "ESZI014-17",
        "categoria": "Opção Limitada",
        "disciplina": "Sistemas Inteligentes",
        "creditos": 4
    },
    {
        "codigo": "ESZI027-17",
        "categoria": "Opção Limitada",
        "disciplina": "Informação e Sociedade",
        "creditos": 2
    },
    {
        "codigo": "ESZI031-17",
        "categoria": "Opção Limitada",
        "disciplina": "Segurança de Redes",
        "creditos": 4
    },
    {
        "codigo": "ESZI033-17",
        "categoria": "Opção Limitada",
        "disciplina": "Programação de Dispositivos Móveis",
        "creditos": 2
    },
    {
        "codigo": "ESZI045-17",
        "categoria": "Opção Limitada",
        "disciplina": "Introdução à Linguística Computacional",
        "creditos": 4
    },
    {
        "codigo": "ESZP039-14",
        "categoria": "Opção Limitada",
        "disciplina": "Políticas de Educação",
        "creditos": 4
    },
    {
        "codigo": "ESZR001-13",
        "categoria": "Opção Limitada",
        "disciplina": "Conflitos no Ciberespaço: ativismo e guerra nas redes cibernéticas",
        "creditos": 4
    },
    {
        "codigo": "ESZR004-13",
        "categoria": "Opção Limitada",
        "disciplina": "Desafios do Pré-Sal e a Inserção Internacional do Brasil",
        "creditos": 4
    },
    {
        "codigo": "ESZR005-13",
        "categoria": "Opção Limitada",
        "disciplina": "Dinâmica dos Investimentos Produtivos Internacionais",
        "creditos": 4
    },
    {
        "codigo": "ESZR007-13",
        "categoria": "Opção Limitada",
        "disciplina": "Energia nuclear e Relações Internacionais",
        "creditos": 4
    },
    {
        "codigo": "ESZR009-13",
        "categoria": "Opção Limitada",
        "disciplina": "Negociações internacionais, propriedade intelectual e transferência tecnológica",
        "creditos": 4
    },
    {
        "codigo": "ESZR013-13",
        "categoria": "Opção Limitada",
        "disciplina": "Trajetória da OPEP e da Agência Internacional de Energia (IEA)",
        "creditos": 4
    },
    {
        "codigo": "ESZR014-13",
        "categoria": "Opção Limitada",
        "disciplina": "Trajetória de desenvolvimento de países exportadores de petróleo",
        "creditos": 4
    },
    {
        "codigo": "ESZR015-13",
        "categoria": "Opção Limitada",
        "disciplina": "Trajetória dos investimentos produtivos no Brasil e do Brasil",
        "creditos": 4
    },
    {
        "codigo": "ESZS018-17",
        "categoria": "Opção Limitada",
        "disciplina": "Mecânica dos Sólidos II",
        "creditos": 4
    },
    {
        "codigo": "ESZT005-17",
        "categoria": "Opção Limitada",
        "disciplina": "Informática Aplicada ao Planejamento Territorial",
        "creditos": 4
    },
    {
        "codigo": "ESZT008-17",
        "categoria": "Opção Limitada",
        "disciplina": "Patrimônio Cultural e Paisagem",
        "creditos": 4
    },
    {
        "codigo": "ESZT009-17",
        "categoria": "Opção Limitada",
        "disciplina": "Planejamento e Gestão de Redes Técnicas e Sistemas Territoriais",
        "creditos": 4
    },
    {
        "codigo": "ESZT016-17",
        "categoria": "Opção Limitada",
        "disciplina": "Urbanização Brasileira",
        "creditos": 4
    },
    {
        "codigo": "ESZU006-17",
        "categoria": "Opção Limitada",
        "disciplina": "Economia, Sociedade e Meio Ambiente",
        "creditos": 3
    },
    {
        "codigo": "ESZU017-17",
        "categoria": "Opção Limitada",
        "disciplina": "Sensoriamento Remoto",
        "creditos": 4
    },
    {
        "codigo": "ESZU022-17",
        "categoria": "Opção Limitada",
        "disciplina": "Ciências Atmosféricas",
        "creditos": 4
    },
    {
        "codigo": "ESZU023-17",
        "categoria": "Opção Limitada",
        "disciplina": "Recursos Hídricos",
        "creditos": 3
    },
    {
        "codigo": "ESZU025-17",
        "categoria": "Opção Limitada",
        "disciplina": "Educação Ambiental",
        "creditos": 4
    },
    {
        "codigo": "ESZU030-17",
        "categoria": "Opção Limitada",
        "disciplina": "Riscos no Ambiente Urbano",
        "creditos": 4
    },
    {
        "codigo": "ESZU034-17",
        "categoria": "Opção Limitada",
        "disciplina": "Ecologia do Ambiente Urbano",
        "creditos": 2
    },
    {
        "codigo": "ESZU037-17",
        "categoria": "Opção Limitada",
        "disciplina": "Química Ambiental",
        "creditos": 2
    },
    {
        "codigo": "LIE0001-19",
        "categoria": "Opção Limitada",
        "disciplina": "Metodologias de Pesquisa em Educação",
        "creditos": 2
    },
    {
        "codigo": "MCTA001-17",
        "categoria": "Opção Limitada",
        "disciplina": "Algoritmos e Estruturas de Dados I",
        "creditos": 4
    },
    {
        "codigo": "MCTA002-17",
        "categoria": "Opção Limitada",
        "disciplina": "Algoritmos e Estruturas de Dados II",
        "creditos": 4
    },
    {
        "codigo": "MCTA003-17",
        "categoria": "Opção Limitada",
        "disciplina": "Análise de Algoritmos",
        "creditos": 4
    },
    {
        "codigo": "MCTA006-17",
        "categoria": "Opção Limitada",
        "disciplina": "Circuitos Digitais",
        "creditos": 4
    },
    {
        "codigo": "MCTA009-13",
        "categoria": "Opção Limitada",
        "disciplina": "Computadores, Ética e Sociedade",
        "creditos": 2
    },
    {
        "codigo": "MCTA014-15",
        "categoria": "Opção Limitada",
        "disciplina": "Inteligência Artificial",
        "creditos": 4
    },
    {
        "codigo": "MCTA015-13",
        "categoria": "Opção Limitada",
        "disciplina": "Linguagens Formais e Autômata",
        "creditos": 4
    },
    {
        "codigo": "MCTA016-13",
        "categoria": "Opção Limitada",
        "disciplina": "Paradigmas de Programação",
        "creditos": 4
    },
    {
        "codigo": "MCTA017-17",
        "categoria": "Opção Limitada",
        "disciplina": "Programação Matemática",
        "creditos": 4
    },
    {
        "codigo": "MCTA018-13",
        "categoria": "Opção Limitada",
        "disciplina": "Programação Orientada a Objetos",
        "creditos": 4
    },
    {
        "codigo": "MCTA022-17",
        "categoria": "Opção Limitada",
        "disciplina": "Redes de Computadores",
        "creditos": 4
    },
    {
        "codigo": "MCTA027-17",
        "categoria": "Opção Limitada",
        "disciplina": "Teoria dos Grafos",
        "creditos": 4
    },
    {
        "codigo": "MCTA028-15",
        "categoria": "Opção Limitada",
        "disciplina": "Programação Estruturada",
        "creditos": 4
    },
    {
        "codigo": "MCTA033-15",
        "categoria": "Opção Limitada",
        "disciplina": "Engenharia de Software",
        "creditos": 4
    },
    {
        "codigo": "MCTA037-17",
        "categoria": "Opção Limitada",
        "disciplina": "Banco de Dados",
        "creditos": 4
    },
    {
        "codigo": "MCTB001-17",
        "categoria": "Opção Limitada",
        "disciplina": "Álgebra Linear",
        "creditos": 6
    },
    {
        "codigo": "MCTB002-13",
        "categoria": "Opção Limitada",
        "disciplina": "Álgebra Linear Avançada I",
        "creditos": 4
    },
    {
        "codigo": "MCTB003-17",
        "categoria": "Opção Limitada",
        "disciplina": "Álgebra Linear Avançada II",
        "creditos": 4
    },
    {
        "codigo": "MCTB005-13",
        "categoria": "Opção Limitada",
        "disciplina": "Análise Real I",
        "creditos": 4
    },
    {
        "codigo": "MCTB006-13",
        "categoria": "Opção Limitada",
        "disciplina": "Análise Real II",
        "creditos": 4
    },
    {
        "codigo": "MCTB008-17",
        "categoria": "Opção Limitada",
        "disciplina": "Cálculo de Probabilidade",
        "creditos": 4
    },
    {
        "codigo": "MCTB009-17",
        "categoria": "Opção Limitada",
        "disciplina": "Cálculo Numérico",
        "creditos": 4
    },
    {
        "codigo": "MCTB010-13",
        "categoria": "Opção Limitada",
        "disciplina": "Cálculo Vetorial e Tensorial",
        "creditos": 4
    },
    {
        "codigo": "MCTB016-13",
        "categoria": "Opção Limitada",
        "disciplina": "Geometria Diferencial I",
        "creditos": 4
    },
    {
        "codigo": "MCTB018-17",
        "categoria": "Opção Limitada",
        "disciplina": "Grupos",
        "creditos": 4
    },
    {
        "codigo": "MCTB019-17",
        "categoria": "Opção Limitada",
        "disciplina": "Matemática Discreta",
        "creditos": 4
    },
    {
        "codigo": "MCTB022-17",
        "categoria": "Opção Limitada",
        "disciplina": "Sequências e Séries",
        "creditos": 4
    },
    {
        "codigo": "MCTB023-17",
        "categoria": "Opção Limitada",
        "disciplina": "Teoria Aritmética dos Números",
        "creditos": 4
    },
    {
        "codigo": "MCTB026-17",
        "categoria": "Opção Limitada",
        "disciplina": "Topologia",
        "creditos": 4
    },
    {
        "codigo": "MCTB035-17",
        "categoria": "Opção Limitada",
        "disciplina": "Evolução dos Conceitos Matemáticos",
        "creditos": 4
    },
    {
        "codigo": "MCTC001-15",
        "categoria": "Opção Limitada",
        "disciplina": "Introdução à Filosofia da Mente",
        "creditos": 2
    },
    {
        "codigo": "MCTC002-15",
        "categoria": "Opção Limitada",
        "disciplina": "Introdução à Neurociência",
        "creditos": 4
    },
    {
        "codigo": "MCTC007-20",
        "categoria": "Opção Limitada",
        "disciplina": "Comunicação Científica",
        "creditos": 2
    },
    {
        "codigo": "MCTC009-15",
        "categoria": "Opção Limitada",
        "disciplina": "Progressos e Métodos em Neurociência",
        "creditos": 4
    },
    {
        "codigo": "MCTC011-15",
        "categoria": "Opção Limitada",
        "disciplina": "Psicologia Cognitiva",
        "creditos": 4
    },
    {
        "codigo": "MCTC014-13",
        "categoria": "Opção Limitada",
        "disciplina": "Introdução à Inferência Estatística",
        "creditos": 4
    },
    {
        "codigo": "MCTC018-20",
        "categoria": "Opção Limitada",
        "disciplina": "Neuropsicofarmacologia",
        "creditos": 4
    },
    {
        "codigo": "MCTC021-20",
        "categoria": "Opção Limitada",
        "disciplina": "Neurociência Teórica e Computacional",
        "creditos": 4
    },
    {
        "codigo": "MCTC024-15",
        "categoria": "Opção Limitada",
        "disciplina": "Neuroetologia",
        "creditos": 4
    },
    {
        "codigo": "MCTD021-18",
        "categoria": "Opção Limitada",
        "disciplina": "Fundamentos de Álgebra",
        "creditos": 4
    },
    {
        "codigo": "MCTD023-18",
        "categoria": "Opção Limitada",
        "disciplina": "Fundamentos de Análise",
        "creditos": 4
    },
    {
        "codigo": "MCTD007-18",
        "categoria": "Opção Limitada",
        "disciplina": "Simetrias no Plano Euclidiano",
        "creditos": 4
    },
    {
        "codigo": "MCTD009-18",
        "categoria": "Opção Limitada",
        "disciplina": "Geometria Plana Axiomática",
        "creditos": 4
    },
    {
        "codigo": "MCTD010-18",
        "categoria": "Opção Limitada",
        "disciplina": "História da Matemática",
        "creditos": 4
    },
    {
        "codigo": "MCZA001-13",
        "categoria": "Opção Limitada",
        "disciplina": "Análise de Projetos",
        "creditos": 2
    },
    {
        "codigo": "MCZA002-17",
        "categoria": "Opção Limitada",
        "disciplina": "Aprendizado de Máquina",
        "creditos": 4
    },
    {
        "codigo": "MCZA007-13",
        "categoria": "Opção Limitada",
        "disciplina": "Empreendedorismo e Desenvolvimento de Negócios",
        "creditos": 4
    },
    {
        "codigo": "MCZA008-17",
        "categoria": "Opção Limitada",
        "disciplina": "Interação Humano-Computador",
        "creditos": 4
    },
    {
        "codigo": "MCZA013-13",
        "categoria": "Opção Limitada",
        "disciplina": "Lógicas Não Clássicas",
        "creditos": 4
    },
    {
        "codigo": "MCZA015-13",
        "categoria": "Opção Limitada",
        "disciplina": "Mineração de Dados",
        "creditos": 4
    },
    {
        "codigo": "MCZA016-17",
        "categoria": "Opção Limitada",
        "disciplina": "Gestão de Projetos de Software",
        "creditos": 4
    },
    {
        "codigo": "MCZA018-17",
        "categoria": "Opção Limitada",
        "disciplina": "Processamento Digital de Imagens",
        "creditos": 4
    },
    {
        "codigo": "MCZA026-17",
        "categoria": "Opção Limitada",
        "disciplina": "Sistemas de Gerenciamento de Banco de Dados",
        "creditos": 4
    },
    {
        "codigo": "MCZA027-17",
        "categoria": "Opção Limitada",
        "disciplina": "Sistemas de Informação",
        "creditos": 4
    },
    {
        "codigo": "MCZA028-13",
        "categoria": "Opção Limitada",
        "disciplina": "Sistemas Multiagentes",
        "creditos": 4
    },
    {
        "codigo": "MCZA030-17",
        "categoria": "Opção Limitada",
        "disciplina": "Vida Artificial na Computação",
        "creditos": 2
    },
    {
        "codigo": "MCZA037-17",
        "categoria": "Opção Limitada",
        "disciplina": "Combinatória Extremal",
        "creditos": 4
    },
    {
        "codigo": "MCZA042-17",
        "categoria": "Opção Limitada",
        "disciplina": "Processo e Desenvolvimento de Softwares Educacionais",
        "creditos": 4
    },
    {
        "codigo": "MCZA044-17",
        "categoria": "Opção Limitada",
        "disciplina": "Robótica e Sistemas Inteligentes",
        "creditos": 4
    },
    {
        "codigo": "MCZB007-13",
        "categoria": "Opção Limitada",
        "disciplina": "Elementos Finitos",
        "creditos": 4
    },
    {
        "codigo": "MCZB009-13",
        "categoria": "Opção Limitada",
        "disciplina": "Geometria não Euclidiana",
        "creditos": 4
    },
    {
        "codigo": "MCZB012-13",
        "categoria": "Opção Limitada",
        "disciplina": "Inferência Estatística",
        "creditos": 4
    },
    {
        "codigo": "MCZB015-13",
        "categoria": "Opção Limitada",
        "disciplina": "Introdução à Criptografia",
        "creditos": 4
    },
    {
        "codigo": "MCZB018-13",
        "categoria": "Opção Limitada",
        "disciplina": "Introdução à Modelagem e Processos Estocásticos",
        "creditos": 4
    },
    {
        "codigo": "MCZB031-17",
        "categoria": "Opção Limitada",
        "disciplina": "Teoria dos Jogos",
        "creditos": 4
    },
    {
        "codigo": "MCZB032-13",
        "categoria": "Opção Limitada",
        "disciplina": "Teoria das Filas",
        "creditos": 4
    },
    {
        "codigo": "MCZC002-15",
        "categoria": "Opção Limitada",
        "disciplina": "Bases Neurais da Motricidade",
        "creditos": 4
    },
    {
        "codigo": "MCZC003-15",
        "categoria": "Opção Limitada",
        "disciplina": "Introdução à Psicolinguística e Neurociência da Linguagem",
        "creditos": 4
    },
    {
        "codigo": "MCZC007-15",
        "categoria": "Opção Limitada",
        "disciplina": "Ergonomia Cognitiva",
        "creditos": 4
    },
    {
        "codigo": "MCZC008-13",
        "categoria": "Opção Limitada",
        "disciplina": "Neuroarte",
        "creditos": 2
    },
    {
        "codigo": "MCZC010-15",
        "categoria": "Opção Limitada",
        "disciplina": "Atenção e Estados de Consciência",
        "creditos": 4
    },
    {
        "codigo": "MCZC011-15",
        "categoria": "Opção Limitada",
        "disciplina": "Tomada de Decisões e Neuroeconomia",
        "creditos": 4
    },
    {
        "codigo": "MCZC012-15",
        "categoria": "Opção Limitada",
        "disciplina": "Sensação e Percepção",
        "creditos": 4
    },
    {
        "codigo": "NHZ2106-18",
        "categoria": "Opção Limitada",
        "disciplina": "Filosofia da Ciência",
        "creditos": 4
    },
    {
        "codigo": "NHH2017-16",
        "categoria": "Opção Limitada",
        "disciplina": "Filosofia da Educação",
        "creditos": 4
    },
    {
        "codigo": "NHI2049-13",
        "categoria": "Opção Limitada",
        "disciplina": "Lógica Básica",
        "creditos": 4
    },
    {
        "codigo": "NHI5001-15",
        "categoria": "Opção Limitada",
        "disciplina": "Desenvolvimento e Aprendizagem",
        "creditos": 4
    },
    {
        "codigo": "NHI5002-15",
        "categoria": "Opção Limitada",
        "disciplina": "Didática",
        "creditos": 4
    },
    {
        "codigo": "NHI5011-13",
        "categoria": "Opção Limitada",
        "disciplina": "Políticas Educacionais",
        "creditos": 3
    },
    {
        "codigo": "NHI5015-15",
        "categoria": "Opção Limitada",
        "disciplina": "LIBRAS",
        "creditos": 4
    },
    {
        "codigo": "NHT1013-15",
        "categoria": "Opção Limitada",
        "disciplina": "Bioquímica Funcional",
        "creditos": 6
    },
    {
        "codigo": "NHT1048-15",
        "categoria": "Opção Limitada",
        "disciplina": "Sistemática e Biogeografia",
        "creditos": 4
    },
    {
        "codigo": "NHT1053-15",
        "categoria": "Opção Limitada",
        "disciplina": "Biologia Celular",
        "creditos": 6
    },
    {
        "codigo": "NHT1054-15",
        "categoria": "Opção Limitada",
        "disciplina": "Histologia e Embriologia",
        "creditos": 6
    },
    {
        "codigo": "NHT1056-15",
        "categoria": "Opção Limitada",
        "disciplina": "Microbiologia",
        "creditos": 6
    },
    {
        "codigo": "NHT1057-15",
        "categoria": "Opção Limitada",
        "disciplina": "Genética II",
        "creditos": 4
    },
    {
        "codigo": "NHT1061-15",
        "categoria": "Opção Limitada",
        "disciplina": "Genética I",
        "creditos": 6
    },
    {
        "codigo": "NHT1062-15",
        "categoria": "Opção Limitada",
        "disciplina": "Evolução",
        "creditos": 4
    },
    {
        "codigo": "NHT1063-15",
        "categoria": "Opção Limitada",
        "disciplina": "Zoologia de Invertebrados I",
        "creditos": 6
    },
    {
        "codigo": "NHT1067-15",
        "categoria": "Opção Limitada",
        "disciplina": "Evolução e Diversidade de Plantas I",
        "creditos": 4
    },
    {
        "codigo": "NHT1068-15",
        "categoria": "Opção Limitada",
        "disciplina": "Evolução e Diversidade de Plantas II",
        "creditos": 6
    },
    {
        "codigo": "NHT1072-15",
        "categoria": "Opção Limitada",
        "disciplina": "Ecologia Comportamental",
        "creditos": 4
    },
    {
        "codigo": "NHT1083-22",
        "categoria": "Opção Limitada",
        "disciplina": "Práticas de Ensino de Biologia e Currículo",
        "creditos": 3
    },
    {
        "codigo": "NHT1084-22",
        "categoria": "Opção Limitada",
        "disciplina": "Práticas de Ensino de Biologia e Planejamento",
        "creditos": 3
    },
    {
        "codigo": "NHT1085-22",
        "categoria": "Opção Limitada",
        "disciplina": "Práticas de Ensino de Biologia e Aprendizagem",
        "creditos": 3
    },
    {
        "codigo": "NHT1086-16",
        "categoria": "Opção Limitada",
        "disciplina": "Instrumentação para o Ensino de Ciências e Biologia",
        "creditos": 4
    },
    {
        "codigo": "NHT2081-09",
        "categoria": "Opção Limitada",
        "disciplina": "Teoria da Ciência",
        "creditos": 4
    },
    {
        "codigo": "NHT3012-15",
        "categoria": "Opção Limitada",
        "disciplina": "Física do Contínuo",
        "creditos": 4
    },
    {
        "codigo": "NHT3013-13",
        "categoria": "Opção Limitada",
        "disciplina": "Física Térmica",
        "creditos": 4
    },
    {
        "codigo": "NHT3027-15",
        "categoria": "Opção Limitada",
        "disciplina": "Laboratório de Física I",
        "creditos": 3
    },
    {
        "codigo": "NHT3028-15",
        "categoria": "Opção Limitada",
        "disciplina": "Laboratório de Física II",
        "creditos": 3
    },
    {
        "codigo": "NHT3036-15",
        "categoria": "Opção Limitada",
        "disciplina": "Mecânica Estatística",
        "creditos": 6
    },
    {
        "codigo": "NHT3037-13",
        "categoria": "Opção Limitada",
        "disciplina": "Mecânica Geral",
        "creditos": 4
    },
    {
        "codigo": "NHT3044-15",
        "categoria": "Opção Limitada",
        "disciplina": "Óptica",
        "creditos": 4
    },
    {
        "codigo": "NHT3048-15",
        "categoria": "Opção Limitada",
        "disciplina": "Princípios de Mecânica Quântica",
        "creditos": 4
    },
    {
        "codigo": "NHT3049-15",
        "categoria": "Opção Limitada",
        "disciplina": "Princípios de Termodinâmica",
        "creditos": 4
    },
    {
        "codigo": "NHT3054-15",
        "categoria": "Opção Limitada",
        "disciplina": "Teoria da Relatividade",
        "creditos": 4
    },
    {
        "codigo": "NHT3055-13",
        "categoria": "Opção Limitada",
        "disciplina": "Teoria Eletromagnética",
        "creditos": 6
    },
    {
        "codigo": "NHT3064-15",
        "categoria": "Opção Limitada",
        "disciplina": "Física Ondulatória",
        "creditos": 4
    },
    {
        "codigo": "NHT3065-15",
        "categoria": "Opção Limitada",
        "disciplina": "Laboratório de Física III",
        "creditos": 3
    },
    {
        "codigo": "NHT3066-15",
        "categoria": "Opção Limitada",
        "disciplina": "Variáveis Complexas e Aplicações",
        "creditos": 4
    },
    {
        "codigo": "NHT3067-15",
        "categoria": "Opção Limitada",
        "disciplina": "Análise de Fourier e Aplicações",
        "creditos": 4
    },
    {
        "codigo": "NHT3068-15",
        "categoria": "Opção Limitada",
        "disciplina": "Mecânica Clássica I",
        "creditos": 4
    },
    {
        "codigo": "NHT3070-15",
        "categoria": "Opção Limitada",
        "disciplina": "Eletromagnetismo I",
        "creditos": 4
    },
    {
        "codigo": "NHT3072-15",
        "categoria": "Opção Limitada",
        "disciplina": "Mecânica Quântica I",
        "creditos": 6
    },
    {
        "codigo": "NHT4002-13",
        "categoria": "Opção Limitada",
        "disciplina": "Bioquímica Experimental",
        "creditos": 6
    },
    {
        "codigo": "NHT4017-15",
        "categoria": "Opção Limitada",
        "disciplina": "Funções e Reações Orgânicas",
        "creditos": 4
    },
    {
        "codigo": "NHT4023-15",
        "categoria": "Opção Limitada",
        "disciplina": "Ligações Químicas",
        "creditos": 4
    },
    {
        "codigo": "NHT4024-15",
        "categoria": "Opção Limitada",
        "disciplina": "Mecanismos de Reações Orgânicas",
        "creditos": 4
    },
    {
        "codigo": "NHT4025-15",
        "categoria": "Opção Limitada",
        "disciplina": "Métodos de Análise em Química Orgânica",
        "creditos": 4
    },
    {
        "codigo": "NHT4041-15",
        "categoria": "Opção Limitada",
        "disciplina": "Química Orgânica Experimental",
        "creditos": 4
    },
    {
        "codigo": "NHT4049-15",
        "categoria": "Opção Limitada",
        "disciplina": "Estrutura da Matéria Avançada",
        "creditos": 6
    },
    {
        "codigo": "NHT4050-15",
        "categoria": "Opção Limitada",
        "disciplina": "Química Analítica Clássica II",
        "creditos": 6
    },
    {
        "codigo": "NHT4051-15",
        "categoria": "Opção Limitada",
        "disciplina": "Química Analítica Clássica I",
        "creditos": 6
    },
    {
        "codigo": "NHT4052-15",
        "categoria": "Opção Limitada",
        "disciplina": "Química de Coordenação",
        "creditos": 8
    },
    {
        "codigo": "NHT4053-15",
        "categoria": "Opção Limitada",
        "disciplina": "Química dos Elementos",
        "creditos": 8
    },
    {
        "codigo": "NHT4057-15",
        "categoria": "Opção Limitada",
        "disciplina": "Termodinâmica Química",
        "creditos": 4
    },
    {
        "codigo": "NHT5004-15",
        "categoria": "Opção Limitada",
        "disciplina": "Educação Científica, Sociedade e Cultura",
        "creditos": 4
    },
    {
        "codigo": "NHT5012-15",
        "categoria": "Opção Limitada",
        "disciplina": "Práticas de Ciências no Ensino Fundamental",
        "creditos": 4
    },
    {
        "codigo": "NHT5013-15",
        "categoria": "Opção Limitada",
        "disciplina": "Práticas de Ensino de Ciências e Matemática no Ensino Fundamental",
        "creditos": 4
    },
    {
        "codigo": "NHZ1003-15",
        "categoria": "Opção Limitada",
        "disciplina": "Biofísica",
        "creditos": 4
    },
    {
        "codigo": "NHZ2099-16",
        "categoria": "Opção Limitada",
        "disciplina": "Tópicos Contemporâneos em Educação e Filosofia",
        "creditos": 4
    },
    {
        "codigo": "NHZ3001-15",
        "categoria": "Opção Limitada",
        "disciplina": "Conhecimento e Técnica: Perspectivas da Antiguidade e Período Medieval",
        "creditos": 4
    },
    {
        "codigo": "NHZ3003-15",
        "categoria": "Opção Limitada",
        "disciplina": "Efeitos Biológicos das Radiações",
        "creditos": 4
    },
    {
        "codigo": "NHZ3007-15",
        "categoria": "Opção Limitada",
        "disciplina": "Estrutura Atômica e Molecular",
        "creditos": 4
    },
    {
        "codigo": "NHZ3008-22",
        "categoria": "Opção Limitada",
        "disciplina": "Evolução da Física I",
        "creditos": 4
    },
    {
        "codigo": "NHZ3010-15",
        "categoria": "Opção Limitada",
        "disciplina": "Física Computacional",
        "creditos": 4
    },
    {
        "codigo": "NHZ3021-15",
        "categoria": "Opção Limitada",
        "disciplina": "Interações da Radiação com a Matéria",
        "creditos": 4
    },
    {
        "codigo": "NHZ3024-15",
        "categoria": "Opção Limitada",
        "disciplina": "Introdução à Física de Partículas Elementares",
        "creditos": 4
    },
    {
        "codigo": "NHZ3026-15",
        "categoria": "Opção Limitada",
        "disciplina": "Introdução à Física Nuclear",
        "creditos": 4
    },
    {
        "codigo": "NHZ3031-15",
        "categoria": "Opção Limitada",
        "disciplina": "Laboratório de Propriedades Físicas de Materiais",
        "creditos": 4
    },
    {
        "codigo": "NHZ3043-15",
        "categoria": "Opção Limitada",
        "disciplina": "Noções de Astronomia e Cosmologia",
        "creditos": 4
    },
    {
        "codigo": "NHZ3060-09",
        "categoria": "Opção Limitada",
        "disciplina": "Nascimento e Desenvolvimento da Ciência Moderna",
        "creditos": 4
    },
    {
        "codigo": "NHZ3078-15",
        "categoria": "Opção Limitada",
        "disciplina": "Equações Diferenciais Parciais Aplicadas",
        "creditos": 4
    },
    {
        "codigo": "NHZ3080-15",
        "categoria": "Opção Limitada",
        "disciplina": "Laboratório de Física Médica",
        "creditos": 3
    },
    {
        "codigo": "NHZ3084-15",
        "categoria": "Opção Limitada",
        "disciplina": "Física do Meio Ambiente",
        "creditos": 4
    },
    {
        "codigo": "NHZ5009-09",
        "categoria": "Opção Limitada",
        "disciplina": "Introdução à Filosofia da Ciência",
        "creditos": 4
    },
    {
        "codigo": "NHZ5014-15",
        "categoria": "Opção Limitada",
        "disciplina": "Questões Atuais no Ensino de Ciências",
        "creditos": 2
    },
    {
        "codigo": "NHZ5015-09",
        "categoria": "Opção Limitada",
        "disciplina": "Teoria do Conhecimento Científico",
        "creditos": 4
    },
    {
        "codigo": "NHZ5016-15",
        "categoria": "Opção Limitada",
        "disciplina": "História da Educação",
        "creditos": 4
    },
    {
        "codigo": "NHZ5017-15",
        "categoria": "Opção Limitada",
        "disciplina": "História e Filosofia das Ciências e o Ensino de Ciências",
        "creditos": 4
    },
    {
        "codigo": "NHZ5019-15",
        "categoria": "Opção Limitada",
        "disciplina": "Tecnologias da Informação e Comunicação na Educação",
        "creditos": 3
    },
    {
        "codigo": "NHZ5020-15",
        "categoria": "Opção Limitada",
        "disciplina": "Educação Inclusiva",
        "creditos": 2
    },
    {
        "codigo": "NHZ5021-16",
        "categoria": "Opção Limitada",
        "disciplina": "Educação em Saúde e Sexualidade",
        "creditos": 3
    },
    {
        "codigo": "NHZ5023-18",
        "categoria": "Opção Limitada",
        "disciplina": "Práticas escolares em educação especial e inclusiva",
        "creditos": 4
    },
    {
        "codigo": "NHT1002-15",
        "categoria": "Opção Limitada",
        "disciplina": "Bioética",
        "creditos": 2
    },
    {
        "codigo": "NHZ1009-15",
        "categoria": "Opção Limitada",
        "disciplina": "Biologia Molecular e Biotecnologia",
        "creditos": 3
    },
    {
        "codigo": "ESZB022-17",
        "categoria": "Opção Limitada",
        "disciplina": "Introdução à Bioinformática",
        "creditos": 4
    },
    {
        "codigo": "MCTC014-13",
        "categoria": "Opção Limitada",
        "disciplina": "Introdução à Inferência Estatística",
        "creditos": 4
    },
    {
        "codigo": "NHZ1027-15",
        "categoria": "Opção Limitada",
        "disciplina": "Farmacologia",
        "creditos": 6
    },
    {
        "codigo": "NHZ6001-18",
        "categoria": "Opção Limitada",
        "disciplina": "Fundamentos de Biotecnologia",
        "creditos": 2
    },
    {
        "codigo": "NHZ6012-18",
        "categoria": "Opção Limitada",
        "disciplina": "Empreendedorismo e Planejamento de Projetos em Biotecnologia",
        "creditos": 4
    },
    {
        "codigo": "NHZ6006-18",
        "categoria": "Opção Limitada",
        "disciplina": "Proteínas Recombinantes",
        "creditos": 4
    },
    {
        "codigo": "NHZ6003-18",
        "categoria": "Opção Limitada",
        "disciplina": "Nanobiotecnologia",
        "creditos": 4
    },
    {
        "codigo": "NHZ6009-18",
        "categoria": "Opção Limitada",
        "disciplina": "Biologia Sintética",
        "creditos": 2
    },
    {
        "codigo": "NHZ6007-18",
        "categoria": "Opção Limitada",
        "disciplina": "Segurança e Regulamentação em Biotecnologia",
        "creditos": 2
    },
    {
        "codigo": "NHZ6010-18",
        "categoria": "Opção Limitada",
        "disciplina": "Genômica e Pós-Genômica",
        "creditos": 6
    },
    {
        "codigo": "NHZ6004-18",
        "categoria": "Opção Limitada",
        "disciplina": "Enzimologia e Biocatálise",
        "creditos": 6
    },
    {
        "codigo": "NHZ1078-15",
        "categoria": "Opção Limitada",
        "disciplina": "Biotecnologia de Plantas",
        "creditos": 4
    }
]